id_usuario,pais,estado,ciudad,direccion,fecha_registro
1,Canada,Ontario,Prince Edward,072 Alpine Street,9/7/2023
2,Indonesia,,Krajan Gajihan,1009 Laurel Crossing,2/18/2023
3,China,,Wenquan,5 Reindahl Lane,7/29/2023
4,Mexico,Guanajuato,La Esperanza,832 Montana Avenue,4/28/2023
5,France,Pays de la Loire,Mayenne,798 Main Terrace,10/1/2023
6,Bolivia,,San Julian,7 Nelson Lane,7/3/2023
7,Poland,,Stare Kurowo,3 Mesta Drive,3/5/2023
8,China,,Jinlong,76 School Pass,3/12/2023
9,Bulgaria,,Sapareva Banya,43892 Hanover Parkway,10/10/2023
10,Iran,,Kāshmar,905 Mifflin Lane,7/31/2023
11,Sweden,Kalmar,Kalmar,0 Macpherson Drive,12/3/2022
12,Mexico,Mexico,Buenavista,326 Dwight Court,7/1/2023
13,Russia,,Siva,55 School Center,9/26/2023
14,Colombia,,Patía,66281 Laurel Circle,10/23/2023
15,Paraguay,,Las Palomas,063 Eagle Crest Avenue,3/25/2023
16,Brazil,,Sertânia,28 Crest Line Alley,6/8/2023
17,Argentina,,San Justo,74155 Buena Vista Pass,9/12/2023
18,Afghanistan,,Balkh,97913 Miller Trail,10/14/2023
19,Poland,,Mierzęcice,1561 Northport Junction,9/25/2023
20,Barbados,,Speightstown,9400 Sutherland Parkway,9/16/2023
21,Indonesia,,Parengan,34193 Hanover Center,11/6/2023
22,China,,Cangshan,98 Iowa Way,8/31/2023
23,Vietnam,,Lý Sơn,96381 Blackbird Hill,4/18/2023
24,Indonesia,,Ketanggi,162 Rowland Drive,6/9/2023
25,China,,Shuanghe,3580 Daystar Alley,10/15/2023
26,United States,Kentucky,Louisville,12560 Buell Road,9/17/2023
27,Canada,Alberta,Beaverlodge,86933 Jana Crossing,1/24/2023
28,Bolivia,,Sucre,94 Pankratz Plaza,12/10/2022
29,Canada,British Columbia,Summerland,981 Mosinee Crossing,6/25/2023
30,Sweden,Stockholm,Saltsjöbaden,0 Waxwing Circle,10/19/2023
31,Greece,,Skaramangás,32 Cottonwood Lane,9/20/2023
32,Philippines,,Patabog,4386 John Wall Lane,8/29/2023
33,Philippines,,Digdig,0229 Northwestern Circle,11/13/2023
34,Iran,,Qeshm,74049 Fieldstone Street,12/7/2022
35,Tunisia,,Al Qarmadah,2003 Twin Pines Alley,8/11/2023
36,China,,Nantang,42 Fulton Court,7/13/2023
37,China,,Dugu,3 Valley Edge Plaza,4/17/2023
38,Brazil,,Ibaiti,401 Kingsford Circle,8/23/2023
39,China,,Ganlin,199 Thierer Plaza,6/25/2023
40,Mexico,Veracruz Llave,La Victoria,90990 Harper Trail,1/3/2023
41,Costa Rica,,Curridabat,34094 Springs Pass,7/6/2023
42,Brazil,,Perdões,4032 Rutledge Pass,11/26/2022
43,Brazil,,Rio Largo,59 American Circle,9/22/2023
44,Philippines,,Dagohoy,91 Pennsylvania Place,10/13/2023
45,Vietnam,,Nhà Bàng,630 1st Court,1/21/2023
46,China,,Jibu Hulangtu,1353 Sommers Junction,10/24/2023
47,China,,Shanhou,4017 Del Mar Center,1/27/2023
48,Ukraine,,Железный порт,550 Onsgard Circle,1/23/2023
49,Hungary,Budapest,Budapest,98776 Milwaukee Crossing,9/29/2023
50,China,,Xiangba,1 Steensland Avenue,11/27/2022
51,Greece,,Neochóri,5201 Eastwood Parkway,1/5/2023
52,Brazil,,Santa Gertrudes,18630 Pine View Point,10/25/2023
53,Indonesia,,Gayam,9 Clove Circle,11/12/2023
54,Poland,,Besko,90721 Vahlen Center,6/4/2023
55,Poland,,Bukowiec,67336 Goodland Plaza,5/16/2023
56,Bulgaria,,Veliko Tŭrnovo,3724 Bowman Lane,9/18/2023
57,Philippines,,Pasian,78856 Forest Dale Street,1/7/2023
58,Czech Republic,,Ostrožská Lhota,511 Rusk Pass,10/19/2023
59,Nicaragua,,El Viejo,669 Corscot Way,3/14/2023
60,China,,Gaojiabu,3 Oak Valley Court,9/10/2023
61,Indonesia,,Jabon,312 Fulton Terrace,5/28/2023
62,Indonesia,,Baki,12 Laurel Place,12/16/2022
63,Colombia,,La Jagua de Ibirico,6 Sloan Center,6/25/2023
64,Nigeria,,Damasak,8023 Tony Trail,5/16/2023
65,China,,Sanqu,25 Golf Course Road,9/1/2023
66,United States,Oregon,Portland,4 Vera Street,1/23/2023
67,Portugal,Ilha de São Miguel,Vila Franca do Campo,93 Onsgard Alley,6/3/2023
68,Canada,Nova Scotia,Kentville,4387 Crescent Oaks Drive,10/26/2023
69,Indonesia,,Bumirejo,34 Bartelt Terrace,8/30/2023
70,Indonesia,,Gesik,70673 4th Parkway,10/16/2023
71,Poland,,Raków,52917 Macpherson Drive,4/15/2023
72,China,,Mayanhe,182 Johnson Circle,5/24/2023
73,Philippines,,Buan,43794 Eliot Point,3/18/2023
74,Uzbekistan,,Namangan,4 Eastlawn Street,3/21/2023
75,China,,Jianguang,11673 Mayfield Way,3/18/2023
76,Wallis and Futuna,,Mata-Utu,32787 Vera Circle,1/27/2023
77,Indonesia,,Wewoloe,7 Gale Point,5/24/2023
78,Philippines,,Sabangan,83 New Castle Point,2/7/2023
79,Indonesia,,Tanakawu Dua,61867 Valley Edge Plaza,10/10/2023
80,China,,Hesi,8 Moulton Place,3/6/2023
81,Tanzania,,Ushirombo,42 Tomscot Court,2/18/2023
82,Poland,,Frampol,5 Di Loreto Street,4/9/2023
83,Mexico,San Luis Potosi,Morelos,8621 Helena Place,9/30/2023
84,Sweden,Örebro,Karlskoga,304 Rockefeller Lane,2/12/2023
85,Ukraine,,Feodosiya,0 Laurel Court,7/18/2023
86,Peru,,Pallasca,1 Waxwing Hill,9/23/2023
87,Portugal,Viana do Castelo,Viso,21189 Utah Parkway,11/10/2023
88,Cambodia,,Kampong Speu,35484 Waywood Junction,4/26/2023
89,Japan,,Akashi,38546 Troy Court,11/10/2023
90,Indonesia,,Suwatu,9 Schiller Drive,10/3/2023
91,Indonesia,,Fatubia,06 Reindahl Circle,3/15/2023
92,Russia,,Meget,1 Hoffman Road,12/8/2022
93,Indonesia,,Peranap,61949 Summerview Circle,12/4/2022
94,Poland,,Bielawa,0300 La Follette Plaza,7/19/2023
95,Pakistan,,Kot Sultan,9 Butternut Road,2/1/2023
96,China,,Yangjiaping,485 Vidon Terrace,11/6/2023
97,Philippines,,Dugongan,6861 Vidon Hill,9/24/2023
98,Indonesia,,Citeureup,3 Stephen Trail,9/19/2023
99,Vietnam,,Prao,4426 Hoffman Terrace,6/17/2023
100,China,,Shuibatang,65024 Dixon Road,1/7/2023
101,Russia,,Lotoshino,2 Tennessee Parkway,12/18/2022
102,Venezuela,,Ocumare de la Costa,05 Bashford Crossing,6/29/2023
103,Brazil,,Extremoz,7754 Meadow Valley Lane,7/30/2023
104,Philippines,,Reina Mercedes,80 Hayes Trail,2/21/2023
105,Indonesia,,Sobo,6 Havey Place,2/10/2023
106,China,,Yisuhe,3 Johnson Street,10/18/2023
107,Indonesia,,Cisaat,200 Forest Point,1/26/2023
108,France,Nord-Pas-de-Calais,Arras,781 Vera Junction,10/11/2023
109,Portugal,Setúbal,Alto do Estanqueiro,64224 Village Point,11/14/2023
110,Philippines,,Pontevedra,65 Nevada Lane,9/29/2023
111,Greece,,Profítis Ilías,3 Comanche Plaza,10/10/2023
112,Gambia,,Abuko,204 Florence Road,6/28/2023
113,Indonesia,,Beoga,62 Bobwhite Crossing,3/18/2023
114,Myanmar,,Myingyan,264 John Wall Circle,6/6/2023
115,Croatia,,Oštarije,96941 Rigney Point,4/3/2023
116,Brazil,,Ipatinga,7 Vera Circle,7/15/2023
117,Poland,,Włoszakowice,52 Anniversary Pass,12/26/2022
118,Russia,,Zelenogorsk,834 Village Green Point,1/4/2023
119,Philippines,,Kulase,257 Ridgeway Pass,12/30/2022
120,Poland,,Przyborów,99 Mcguire Hill,5/8/2023
121,Brazil,,Paraíba do Sul,06733 Westridge Circle,4/10/2023
122,Russia,,Shubenka,5563 Bartelt Alley,11/3/2023
123,Belarus,,Haradzishcha,8 Summer Ridge Court,8/28/2023
124,Poland,,Wola Sernicka,18796 Glacier Hill Hill,2/14/2023
125,Kenya,,Kisumu,43 Kenwood Center,11/12/2023
126,Philippines,,Tigbao,8 Valley Edge Way,2/14/2023
127,China,,Pingtang,043 Eggendart Drive,9/5/2023
128,Philippines,,Cawayan Bugtong,972 Ilene Trail,2/21/2023
129,Ecuador,,El Ángel,72169 Kings Street,11/12/2023
130,Portugal,Braga,Gominhães,23 Donald Pass,6/11/2023
131,Mexico,Puebla,San Miguel,97 Texas Way,10/23/2023
132,Morocco,,Temara,98 Briar Crest Drive,12/10/2022
133,China,,Yanglang,57140 Green Junction,2/3/2023
134,China,,Longhuashan,06739 American Ash Hill,8/4/2023
135,Thailand,,Tak,61 Brickson Park Circle,9/1/2023
136,Mongolia,,Hoolt,6267 Blackbird Trail,12/2/2022
137,Japan,,Kuroda,9 7th Point,6/12/2023
138,Mexico,Mexico,San Miguel,38 Vidon Circle,1/13/2023
139,Yemen,,Radā‘,628 Crest Line Avenue,8/12/2023
140,Argentina,,Rada Tilly,2 Shoshone Circle,5/9/2023
141,Russia,,Sestroretsk,54642 Hoard Crossing,5/26/2023
142,Portugal,Santarém,Alvega,50677 Autumn Leaf Circle,5/26/2023
143,Indonesia,,Krajan Baru,5 Fallview Plaza,3/1/2023
144,Iran,,Feyẕābād,353 Armistice Terrace,2/5/2023
145,France,Centre,Chartres,3238 Cardinal Trail,6/28/2023
146,China,,Jiukou,3301 Shoshone Center,8/24/2023
147,Philippines,,Lampari,386 Arapahoe Terrace,12/21/2022
148,Russia,,Solikamsk,776 Westridge Junction,9/13/2023
149,Poland,,Bralin,6035 Morning Trail,8/27/2023
150,China,,Jiangkou,161 Armistice Terrace,3/18/2023
151,Zambia,,Kasempa,77148 Sunbrook Junction,3/28/2023
152,Latvia,,Ragana,18030 Laurel Street,11/10/2023
153,Greece,,Níkiti,902 Bashford Plaza,5/31/2023
154,China,,Xiaohebian,593 Golf Course Court,6/30/2023
155,China,,Daping,103 Russell Park,1/23/2023
156,Japan,,Bibai,85698 Scofield Terrace,2/17/2023
157,Bangladesh,,Shāhzādpur,746 Crest Line Place,3/19/2023
158,China,,Baziqiao,4371 Starling Crossing,8/14/2023
159,Sweden,Stockholm,Farsta,8357 Straubel Point,5/12/2023
160,China,,Hetou,0 Red Cloud Alley,5/11/2023
161,China,,Xikou,5062 Kenwood Alley,4/18/2023
162,Poland,,Klenica,3 Butterfield Circle,2/28/2023
163,China,,Longxi,43 Ridgeway Court,11/4/2023
164,Russia,,Elekmonar,9119 Derek Terrace,6/27/2023
165,Peru,,Paltashaco,5 Dixon Way,5/20/2023
166,Portugal,Faro,Malhão,84 Little Fleur Street,2/7/2023
167,Yemen,,Ar Rubū‘,44 Lindbergh Way,5/23/2023
168,Thailand,,Ban Thai Tan,995 Logan Circle,2/6/2023
169,China,,Yangying,71 Buhler Avenue,5/9/2023
170,Philippines,,Lumbatan,9247 Karstens Crossing,3/13/2023
171,Guatemala,,San Manuel Chaparrón,237 Hoard Street,12/11/2022
172,Sweden,Östergötland,Mjölby,5823 Monica Alley,6/25/2023
173,China,,Shuangshipu,31958 Becker Pass,1/13/2023
174,China,,Yaxi,80 Annamark Circle,2/14/2023
175,Ukraine,,Illintsi,684 Sundown Place,12/23/2022
176,France,Picardie,Creil,013 Fairview Plaza,9/26/2023
177,China,,Wanjia,99 Esker Drive,1/16/2023
178,Argentina,,Esquel,81387 High Crossing Pass,8/1/2023
179,Poland,,Pniewy,83638 Muir Park,9/22/2023
180,Czech Republic,,Příbor,973 Loftsgordon Hill,12/9/2022
181,Peru,,Magdalena,85 Buell Point,3/29/2023
182,Portugal,Braga,Carreira,64 Loomis Park,2/16/2023
183,Portugal,Setúbal,Cotovia,293 Lillian Point,7/29/2023
184,Colombia,,Cértegui,778 Glendale Plaza,1/12/2023
185,China,,Xuanma,0 Hallows Alley,9/4/2023
186,China,,Leluo,69394 Lindbergh Drive,10/3/2023
187,Guatemala,,Santa Ana Huista,917 Vera Point,1/14/2023
188,China,,Hejiaping,9 Laurel Parkway,10/17/2023
189,Russia,,Pushkino,8016 Mcguire Circle,9/7/2023
190,China,,Xiwei,751 Brown Point,8/25/2023
191,Trinidad and Tobago,,Mucurapo,6585 Thierer Point,2/1/2023
192,China,,Lianzhou,2 Bay Alley,8/19/2023
193,South Korea,,Jenzan,9 Memorial Court,8/17/2023
194,Democratic Republic of the Congo,,Mweka,79439 Paget Terrace,11/6/2023
195,Russia,,Lotoshino,028 Mayfield Parkway,11/21/2022
196,Indonesia,,Cinangka,554 Eagan Road,7/1/2023
197,Ecuador,,Velasco Ibarra,7179 Pankratz Park,6/6/2023
198,Sweden,Skåne,Helsingborg,60514 Arrowood Pass,4/12/2023
199,China,,Jiuxian,59 Di Loreto Lane,9/9/2023
200,Portugal,Porto,Agrela,34 Fairview Drive,5/5/2023
201,Japan,,Matsue-shi,099 Spenser Park,2/2/2023
202,New Zealand,,Wiri,53 Rusk Avenue,8/27/2023
203,Philippines,,Gumalang,45489 Montana Circle,6/19/2023
204,Poland,,Świdwin,736 Colorado Park,8/29/2023
205,Niger,,Illéla,27538 Elka Point,9/15/2023
206,Brazil,,Imbituva,6 Bay Way,12/23/2022
207,Armenia,,Bagratashen,40 Elgar Terrace,10/8/2023
208,Philippines,,Santo Tomas,821 Utah Road,11/13/2023
209,New Zealand,,Takaka,04721 Little Fleur Junction,5/27/2023
210,Bosnia and Herzegovina,,Dobrljin,30 Sauthoff Drive,9/16/2023
211,China,,Damiao,87706 Sutteridge Hill,4/7/2023
212,China,,Xindu,96 Scofield Alley,8/15/2023
213,Indonesia,,Kendung Timur,207 Fisk Drive,6/7/2023
214,Mexico,Coahuila De Zaragoza,Emiliano Zapata,0 Moulton Alley,11/6/2023
215,China,,Dahe,76764 Veith Junction,9/28/2023
216,China,,Yezhu,1 Ruskin Trail,9/22/2023
217,China,,Cikai,389 Burning Wood Trail,11/11/2023
218,Poland,,Tuchomie,0 Mcguire Court,10/5/2023
219,Indonesia,,Ngundaan,950 Meadow Ridge Trail,6/20/2023
220,Russia,,Glyadyanskoye,689 Grover Hill,3/22/2023
221,Slovenia,,Sv. Trojica v Slov. Goricah,356 Stoughton Crossing,9/28/2023
222,Indonesia,,Kranggan,96 Debs Plaza,5/2/2023
223,Poland,,Gorzyce,91 Mcguire Terrace,9/24/2023
224,Nigeria,,Ebute Ikorodu,0493 Granby Court,11/4/2023
225,Indonesia,,Bangrat,1273 Forest Point,2/20/2023
226,Peru,,Anta,4471 Fairview Avenue,11/20/2022
227,Indonesia,,Bulakan,06881 Farragut Road,9/12/2023
228,Armenia,,Areni,0607 Truax Pass,7/26/2023
229,Morocco,,Hassi Berkane,98496 Springview Court,9/2/2023
230,Philippines,,Pitogo,67395 Fairfield Drive,1/16/2023
231,Indonesia,,Pasar Kidul,543 Butternut Street,12/21/2022
232,China,,Nancheng,5878 Prentice Lane,12/10/2022
233,Japan,,Masuda,511 Autumn Leaf Avenue,10/9/2023
234,Portugal,Lisboa,Cobre,24 Warbler Point,9/18/2023
235,Norway,Vestfold,Horten,0775 Susan Avenue,1/21/2023
236,Brazil,,Águas Vermelhas,60 North Hill,12/18/2022
237,Honduras,,Pueblo Nuevo,6 Independence Plaza,10/14/2023
238,Belarus,,Ruzhany,6 Straubel Drive,7/24/2023
239,France,Languedoc-Roussillon,Villeneuve-lès-Avignon,688 Huxley Alley,8/31/2023
240,Philippines,,Balayan,2188 Summit Avenue,9/3/2023
241,Palestinian Territory,,Al ‘Awjā,0 Ramsey Terrace,5/13/2023
242,Indonesia,,Somba,72 Hoard Park,1/20/2023
243,Poland,,Humniska,3 Florence Court,3/6/2023
244,China,,Chengguan,5 Waywood Place,9/14/2023
245,China,,Sanpai,441 Mitchell Point,9/12/2023
246,Mexico,Tamaulipas,Independencia,32 Vahlen Junction,8/1/2023
247,Poland,,Lidzbark,7 Meadow Valley Park,5/12/2023
248,Mongolia,,Talshand,2 Tomscot Lane,11/21/2022
249,Philippines,,Bolo,96 Red Cloud Terrace,10/14/2023
250,Ecuador,,Sucre,6522 Gulseth Hill,12/1/2022
251,Iraq,,Koysinceq,6 Waubesa Lane,11/3/2023
252,Aland Islands,,Kökar,15 Messerschmidt Drive,3/13/2023
253,Russia,,Pavlovka,01570 Vernon Lane,8/27/2023
254,Finland,,Utajärvi,861 Kim Trail,9/28/2023
255,Canada,Ontario,Prince Edward,30 4th Court,4/22/2023
256,China,,Tieling,501 Petterle Court,8/31/2023
257,Argentina,,Guernica,89 Knutson Drive,8/16/2023
258,Bulgaria,,Ikhtiman,67 Melby Avenue,12/1/2022
259,Nicaragua,,La Libertad,6 Ruskin Trail,5/4/2023
260,Indonesia,,Pamoyanan,6876 Florence Circle,8/23/2023
261,China,,Yuecheng,61 Orin Way,6/3/2023
262,China,,Pingshan,6 Springs Pass,12/25/2022
263,North Korea,,Musan-ŭp,4 Prairie Rose Lane,1/8/2023
264,Nigeria,,Katagum,44857 Truax Plaza,4/12/2023
265,Lithuania,,Nida,95078 Barby Trail,10/18/2023
266,Portugal,Lisboa,Sintra,51 Kensington Terrace,7/18/2023
267,Indonesia,,Kebonkaret,98 Maywood Pass,12/23/2022
268,South Africa,,Belfast,36 Menomonie Trail,10/23/2023
269,Russia,,Dem’yanovo,7140 Mitchell Hill,12/9/2022
270,Japan,,Chiryū,4 Summerview Park,12/18/2022
271,South Africa,,Ventersburg,979 Graceland Crossing,9/5/2023
272,Argentina,,Arias,09086 Marquette Pass,5/9/2023
273,Canada,Ontario,Ajax,797 Dorton Plaza,4/8/2023
274,Japan,,Ishige,97469 Crownhardt Street,5/8/2023
275,Russia,,Korkino,19680 Ridge Oak Trail,5/27/2023
276,Denmark,Region Hovedstaden,København,32 Fulton Lane,5/15/2023
277,Afghanistan,,Sang-e Chārak,9 Cordelia Junction,9/12/2023
278,Indonesia,,Banjar Bali,9 Declaration Avenue,9/3/2023
279,China,,Beiyuan,7 Logan Drive,3/8/2023
280,Indonesia,,Baratan,217 Maywood Hill,1/1/2023
281,North Korea,,Namp’o,2 Russell Place,4/23/2023
282,Syria,,Tall Rif‘at,4169 Barby Center,6/19/2023
283,France,Pays de la Loire,Montaigu,7 Katie Parkway,6/25/2023
284,Russia,,Rodniki,27188 Westridge Hill,1/20/2023
285,Honduras,,Campamento,5475 Del Mar Avenue,1/11/2023
286,Oman,,Shināş,91092 Ludington Road,7/30/2023
287,China,,Zoumaping,15 Mitchell Center,3/6/2023
288,China,,Qitai,97 Service Circle,5/27/2023
289,China,,Sanhe,26 Lyons Hill,9/5/2023
290,Argentina,,Río Segundo,630 Dennis Hill,2/2/2023
291,Thailand,,Wang Nam Khiao,83350 Fieldstone Junction,12/21/2022
292,Vietnam,,Cam Ranh,3 Green Ridge Terrace,2/12/2023
293,Indonesia,,Sukasirna,60499 International Alley,7/21/2023
294,Portugal,Leiria,Marinha,0 Schurz Trail,4/17/2023
295,Czech Republic,,Jevíčko,5 Forest Dale Park,10/18/2023
296,Sweden,Västra Götaland,Lindome,6 Drewry Alley,2/18/2023
297,Aland Islands,,Lemland,8 Porter Junction,6/16/2023
298,Poland,,Nowe Skalmierzyce,35 Twin Pines Trail,4/2/2023
299,Argentina,,Caleufú,6549 Mendota Court,1/13/2023
300,Maldives,,Eydhafushi,0 Anzinger Court,8/24/2023
301,Nicaragua,,Chinandega,04 Hoepker Street,1/28/2023
302,Cameroon,,Maroua,97080 Onsgard Junction,9/15/2023
303,Philippines,,New Panamao,8140 East Junction,9/23/2023
304,Benin,,Ouidah,6508 Buhler Court,1/18/2023
305,Thailand,,Bo Kluea,56456 Talisman Road,5/22/2023
306,Sweden,Stockholm,Stockholm,805 Oak Lane,6/30/2023
307,Poland,,Regulice,45760 Waxwing Point,9/8/2023
308,Indonesia,,Lendan,147 Nelson Crossing,3/15/2023
309,Mexico,Yucatan,Santa Maria,02685 Fulton Drive,9/19/2023
310,Portugal,Porto,Corgo,26943 Declaration Trail,12/13/2022
311,Czech Republic,,Týnec,17 Northfield Junction,4/28/2023
312,Ukraine,,Knyazhichi,9 Mallard Place,4/21/2023
313,China,,Luotang,33371 Magdeline Point,8/3/2023
314,Indonesia,,Klayusiwalan,68711 Namekagon Alley,8/25/2023
315,North Korea,,Musan-ŭp,41088 Little Fleur Place,6/9/2023
316,Bulgaria,,Borino,1 Buena Vista Way,4/27/2023
317,Argentina,,Gálvez,11494 6th Avenue,8/28/2023
318,Philippines,,Cardona,239 Old Shore Crossing,11/20/2022
319,Guatemala,,San Andrés,9366 Bartillon Avenue,4/28/2023
320,Japan,,Akita Shi,8 Thackeray Parkway,6/29/2023
321,Nigeria,,Mokwa,16 Sunfield Alley,3/28/2023
322,Palestinian Territory,,Al Lubban al Gharbī,0671 Coleman Avenue,4/5/2023
323,Kazakhstan,,Būlaevo,66845 Norway Maple Point,11/10/2023
324,United States,Indiana,Indianapolis,503 Summit Lane,5/27/2023
325,Colombia,,Maicao,15 Barby Parkway,6/28/2023
326,Bolivia,,Villa Serrano,76 Eastlawn Court,12/22/2022
327,Paraguay,,Eusebio Ayala,26 Little Fleur Court,1/13/2023
328,Portugal,Santarém,Boleiros,58 Grim Place,9/10/2023
329,France,Haute-Normandie,Évreux,943 Dixon Point,11/24/2022
330,Tajikistan,,Abdurahmoni Jomí,34589 Vidon Place,1/8/2023
331,Russia,,Oyskhara,868 Chinook Plaza,6/5/2023
332,Brazil,,Lagoa Vermelha,8715 Marcy Court,2/12/2023
333,Nicaragua,,La Cruz de Río Grande,40 Corry Park,1/13/2023
334,Kazakhstan,,Turkestan,81061 Shopko Court,8/8/2023
335,Peru,,San Salvador,68537 Tennessee Terrace,3/31/2023
336,Portugal,Braga,Novais,2293 Eastwood Trail,3/29/2023
337,Philippines,,Inabaan Sur,67708 Algoma Street,5/19/2023
338,Poland,,Duszniki-Zdrój,332 Southridge Hill,12/17/2022
339,Mexico,Chiapas,Buenavista,83 Hansons Lane,10/24/2023
340,Sweden,Västra Götaland,Tanumshede,7529 Pleasure Center,6/27/2023
341,Russia,,Staraya Kulatka,58 Center Circle,1/27/2023
342,China,,Xinkai,9722 Starling Lane,7/8/2023
343,Poland,,Dobra,7545 Helena Avenue,6/25/2023
344,Panama,,Chigoré,394 Waubesa Drive,10/16/2023
345,Portugal,Ilha de São Miguel,Fenais da Luz,10 Charing Cross Road,2/13/2023
346,China,,Danyang,10773 Hagan Plaza,2/22/2023
347,Peru,,San Jerónimo,8815 Spaight Point,7/8/2023
348,China,,Huimin,5 Union Avenue,7/10/2023
349,Albania,,Vranisht,6524 Mosinee Center,2/20/2023
350,China,,Wucun,1 Brickson Park Place,10/25/2023
351,Indonesia,,Tarimbang,40199 Waywood Way,1/16/2023
352,China,,Shijing,0968 Manitowish Center,8/4/2023
353,Honduras,,San Juan de Planes,16038 Logan Hill,6/1/2023
354,Iran,,Zahedan,9 Mallard Point,7/15/2023
355,China,,Changlin,690 Ridgeview Road,3/14/2023
356,Croatia,,Suhopolje,8528 Moose Street,4/25/2023
357,Honduras,,Nacaome,83 Lawn Lane,1/24/2023
358,China,,Gaozhuang,116 Mandrake Alley,4/15/2023
359,Thailand,,Pathum Rat,2 Cordelia Terrace,6/19/2023
360,Indonesia,,Rancagadog,1137 Corscot Terrace,9/20/2023
361,Vietnam,,Huế,0877 Monica Road,5/18/2023
362,Russia,,Shushenskoye,8043 Caliangt Street,1/2/2023
363,Brazil,,Arcos,1 Darwin Trail,2/4/2023
364,United States,Washington,Vancouver,74 Norway Maple Drive,7/22/2023
365,Tonga,,Haveluloto,2 Chive Avenue,4/3/2023
366,China,,Motge,3 Union Way,10/14/2023
367,Ukraine,,Skhodnitsa,1 Forest Run Crossing,2/12/2023
368,Peru,,Breu,8 Ridgeway Center,12/9/2022
369,Namibia,,Lüderitz,119 Manitowish Street,5/21/2023
370,Philippines,,Santa Magdalena,0 Glacier Hill Way,11/14/2023
371,Indonesia,,Gayabaru,8696 Marquette Hill,10/25/2023
372,China,,Chongru,3465 Fair Oaks Way,7/2/2023
373,Venezuela,,La Asunción,24787 Garrison Circle,4/27/2023
374,Indonesia,,Pandanwangi,45 Veith Terrace,5/13/2023
375,Netherlands,Provincie Gelderland,Harderwijk,7537 Cardinal Terrace,11/25/2022
376,Philippines,,Doong,29588 Maple Street,6/1/2023
377,Colombia,,Carmen de Viboral,6 Prentice Alley,8/29/2023
378,Russia,,Severo-Zadonsk,66482 Goodland Hill,1/3/2023
379,Indonesia,,Basa,47 Steensland Point,9/26/2023
380,China,,Huaxijie,31 Bobwhite Pass,3/11/2023
381,Philippines,,Mandaluyong City,3 Roth Avenue,4/4/2023
382,Mexico,Oaxaca,San Sebastian,94 Butterfield Alley,6/13/2023
383,Portugal,Santarém,Sentieiras,4395 Clarendon Crossing,7/25/2023
384,Madagascar,,Maintirano,11469 Jay Terrace,9/29/2023
385,Philippines,,Gapan,7495 Springview Drive,8/14/2023
386,Liberia,,Buchanan,14070 Di Loreto Court,5/10/2023
387,China,,Houbai,7084 Browning Road,1/30/2023
388,Sweden,Gotland,Visby,6 Redwing Lane,7/4/2023
389,Indonesia,,Suwangi Utara,335 Leroy Terrace,10/15/2023
390,China,,Xiqiao,3 Stoughton Crossing,10/20/2023
391,Portugal,Porto,Chãos,56177 Moulton Junction,12/12/2022
392,Greece,,Vília,89 Old Shore Crossing,1/6/2023
393,Tunisia,,Al Maşdūr,655 Gina Place,1/7/2023
394,Russia,,Novoaleksandrovsk,361 Milwaukee Road,8/1/2023
395,Ukraine,,Tyshkivka,85 Del Sol Junction,5/6/2023
396,Guatemala,,Acatenango,5135 Delladonna Crossing,1/9/2023
397,Russia,,Rayevskaya,5042 Ludington Street,11/20/2022
398,China,,Baozhu,630 Union Center,1/19/2023
399,Indonesia,,Awilega,52 Luster Place,6/7/2023
400,Thailand,,Pa Bon,779 Esch Hill,7/10/2023
401,South Korea,,Gumi,98 Green Ridge Hill,5/27/2023
402,Armenia,,Gavarr,02417 Harper Trail,9/23/2023
403,Brazil,,Bom Conselho,9460 Mayer Lane,9/19/2023
404,Sweden,Västerbotten,Lycksele,1121 Maple Park,12/15/2022
405,Finland,,Outokumpu,9 Norway Maple Trail,3/8/2023
406,China,,Zhangxi,5182 Jackson Circle,3/3/2023
407,Portugal,Porto,Gandara,43927 Riverside Terrace,5/2/2023
408,China,,Tianfen,708 Raven Hill,5/7/2023
409,Zambia,,Chadiza,269 Basil Circle,11/7/2023
410,Brazil,,Ubatuba,04748 Vermont Center,7/28/2023
411,Argentina,,Albardón,91 Clove Crossing,5/17/2023
412,Colombia,,Belén de Umbría,6881 Farwell Crossing,6/16/2023
413,China,,Runjin,3 Schlimgen Point,2/4/2023
414,Mozambique,,Ilha de Moçambique,6 Crownhardt Avenue,11/23/2022
415,Indonesia,,Cipari,19682 Victoria Point,8/22/2023
416,Indonesia,,Cijeungjing Kaler,25 Badeau Junction,2/12/2023
417,China,,Xinxu,48 Burrows Way,8/4/2023
418,Portugal,Braga,Gémeos,9 Fieldstone Way,3/9/2023
419,Indonesia,,Kasui,8996 American Ash Trail,3/12/2023
420,Morocco,,Arbaoua,6 Bayside Lane,3/23/2023
421,Guinea,,Dubréka,110 Dixon Circle,7/17/2023
422,China,,Huangling,9045 Bluejay Park,5/20/2023
423,China,,Sa’erhusong,30 Sheridan Crossing,1/18/2023
424,Bulgaria,,Khisarya,79745 Westend Terrace,8/14/2023
425,Brazil,,Caçapava,361 Prairie Rose Point,9/2/2023
426,Estonia,,Kiili,59167 Transport Center,3/8/2023
427,Russia,,Dubinino,7078 Oneill Point,8/16/2023
428,Honduras,,El Benque,267 Macpherson Street,10/22/2023
429,Czech Republic,,Všetaty,010 Gateway Street,1/22/2023
430,Ukraine,,Izyaslav,941 Marquette Drive,12/8/2022
431,Afghanistan,,Baghlān,67 Kipling Drive,1/12/2023
432,Mongolia,,Badrah,92 Sherman Terrace,4/8/2023
433,United States,Florida,Pensacola,9056 Vernon Place,7/22/2023
434,China,,Sanlanbahai,4771 John Wall Place,6/26/2023
435,Greece,,Kokkári,238 Birchwood Plaza,7/14/2023
436,Venezuela,,Carrizal,242 Kings Crossing,8/22/2023
437,Zimbabwe,,Marondera,18 Kingsford Terrace,4/7/2023
438,France,Bourgogne,Nevers,9298 Hayes Point,10/29/2023
439,Nepal,,Banepa,19 American Circle,10/11/2023
440,Morocco,,Senada,023 Lakewood Junction,8/23/2023
441,China,,Linshui,5265 Sommers Road,12/20/2022
442,Indonesia,,Buniaga,24 Colorado Center,5/16/2023
443,Portugal,Aveiro,Lomba,20373 Weeping Birch Road,9/26/2023
444,Malaysia,Selangor,Petaling Jaya,10 Kropf Center,10/22/2023
445,Serbia,,Bajina Bašta,3414 Sachs Court,12/5/2022
446,China,,Xintian,3378 Quincy Parkway,7/17/2023
447,China,,Qinshan,11400 Thackeray Circle,6/27/2023
448,Peru,,Sayapullo,5349 Meadow Vale Alley,7/3/2023
449,Sweden,Gävleborg,Sandviken,64643 Springs Trail,5/28/2023
450,Indonesia,,Canga’an,09901 Moland Drive,4/27/2023
451,United States,Texas,Fort Worth,37 Forest Run Street,3/8/2023
452,Slovakia,,Bratislava,67447 David Court,6/17/2023
453,China,,Daqian,5293 Hudson Park,1/31/2023
454,Portugal,Setúbal,Carrasqueira,17232 Hoepker Street,3/27/2023
455,Argentina,,Tinogasta,0 Westerfield Street,7/30/2023
456,Argentina,,Anguil,75343 Raven Way,3/8/2023
457,Russia,,Yayva,7 Calypso Lane,10/7/2023
458,Indonesia,,Pasirmukti,2 Tennyson Pass,6/18/2023
459,Iceland,,Akureyri,613 Luster Park,9/14/2023
460,Indonesia,,Cikalang,85 Parkside Hill,12/26/2022
461,Morocco,,Tarsouat,0 Tennyson Lane,2/11/2023
462,France,Île-de-France,Paris La Défense,3981 Lien Park,4/17/2023
463,Indonesia,,Cikalang,33728 Cordelia Circle,7/29/2023
464,Greece,,Kalávryta,979 Talmadge Alley,9/28/2023
465,Peru,,Paruro,126 Westridge Junction,8/8/2023
466,Indonesia,,Pakuwon,74475 Knutson Circle,9/1/2023
467,Ivory Coast,,Toumodi,7964 Parkside Junction,6/8/2023
468,El Salvador,,El Rosario,39368 Cascade Avenue,11/23/2022
469,Philippines,,Santa Marcela,0 Sachs Hill,9/10/2023
470,Canada,British Columbia,Abbotsford,539 Pawling Hill,5/21/2023
471,United States,North Carolina,Greensboro,0 Killdeer Way,3/30/2023
472,Ireland,,Kilmacanoge,87028 Bowman Crossing,11/3/2023
473,Greece,,Examília,17122 Gina Court,5/31/2023
474,China,,Dongpu,8 Toban Parkway,12/3/2022
475,Philippines,,Manaoag,3 Eggendart Pass,11/16/2022
476,Russia,,Sabnova,1523 Blackbird Place,1/14/2023
477,China,,Hebian,8 Hoard Park,11/29/2022
478,Luxembourg,,Bissen,55 Anhalt Pass,1/9/2023
479,China,,Baojia,17 Holy Cross Lane,1/15/2023
480,Ukraine,,Lebedyn,4 Summit Point,6/12/2023
481,Norway,Oslo,Oslo,55808 Petterle Avenue,1/3/2023
482,China,,Liaobu,49 Delladonna Place,7/10/2023
483,Greece,,Fílla,8 Stephen Place,11/21/2022
484,Russia,,Issa,2 Welch Way,6/15/2023
485,Portugal,Ilha de São Jorge,Rosais,2023 Tennessee Circle,10/21/2023
486,Botswana,,Selebi-Phikwe,0 Pleasure Alley,1/18/2023
487,Egypt,,Al Manzilah,1716 Dexter Street,6/21/2023
488,China,,Longbo,158 Comanche Avenue,11/6/2023
489,Thailand,,Non Sila,18830 Crest Line Circle,1/21/2023
490,Guatemala,,San Juan Bautista,8210 Clarendon Pass,6/3/2023
491,Netherlands,Provincie Overijssel,Zwolle,92 Washington Lane,11/21/2022
492,Brazil,,Cruzília,46676 Swallow Pass,12/7/2022
493,Indonesia,,Kowang Utara,401 Bashford Road,4/20/2023
494,Nigeria,,Nsukka,38100 Hayes Circle,10/1/2023
495,China,,Baomin,18 Kinsman Lane,8/7/2023
496,China,,Helang,6098 Manufacturers Junction,7/8/2023
497,China,,Zhongtai,660 Crowley Parkway,9/16/2023
498,China,,Huilong,046 Doe Crossing Road,4/1/2023
499,Slovenia,,Pameče,53693 Fremont Road,3/13/2023
500,China,,Tuanjie,49965 Derek Place,2/21/2023
501,China,,Gangu Chengguanzhen,8649 Barnett Drive,6/16/2023
502,Brazil,,Corumbá,41242 Springs Plaza,8/22/2023
503,China,,Dongguan,87 Maple Plaza,11/3/2023
504,Sweden,Jämtland,Frösön,33270 Paget Alley,4/29/2023
505,China,,Gaoping,1 Heffernan Road,2/22/2023
506,Guatemala,,Santiago Atitlán,50092 Pond Park,4/4/2023
507,France,Poitou-Charentes,Thouars,1 Fulton Hill,9/1/2023
508,China,,Huanghua,94402 Wayridge Terrace,5/6/2023
509,Sweden,Södermanland,Eskilstuna,6 Dovetail Parkway,1/3/2023
510,Slovenia,,Žirovnica,92 Nova Junction,1/6/2023
511,Argentina,,Oberá,85 Merry Plaza,10/14/2023
512,Colombia,,Chiscas,79686 Weeping Birch Road,4/25/2023
513,Poland,,Stare Miasto,5 Cottonwood Crossing,3/19/2023
514,China,,Chixi,9 Old Gate Plaza,10/2/2023
515,Brazil,,Santa Adélia,284 Lien Drive,12/5/2022
516,Ukraine,,Irshava,08293 Larry Trail,11/10/2023
517,France,Champagne-Ardenne,Romilly-sur-Seine,1806 Del Sol Place,9/22/2023
518,Poland,,Brodnica,540 Iowa Avenue,1/20/2023
519,Russia,,Tugulym,86 Schmedeman Pass,10/7/2023
520,Indonesia,,Sritanjung,8018 Sachs Alley,11/28/2022
521,France,Île-de-France,Paris 04,83 Warbler Center,8/13/2023
522,Argentina,,Yacimiento Río Turbio,999 Nevada Center,12/10/2022
523,Poland,,Lipiany,8351 Warner Street,4/1/2023
524,Russia,,Yanino Vtoroye,2453 Jana Point,5/10/2023
525,China,,Gaohong,57439 Butterfield Place,3/15/2023
526,Philippines,,Santo Tomas,569 Lakewood Gardens Alley,3/28/2023
527,Zambia,,Luwingu,2659 Nova Road,12/29/2022
528,Japan,,Hashimoto,66384 Oak Pass,11/24/2022
529,United States,Rhode Island,Providence,2703 1st Center,12/13/2022
530,Poland,,Latowicz,9637 Crest Line Avenue,4/21/2023
531,Central African Republic,,Ouadda,83483 Gulseth Way,2/20/2023
532,Indonesia,,Kaliprak,45155 Doe Crossing Street,6/21/2023
533,China,,Lanling,199 Service Place,7/21/2023
534,China,,Dongshui,7 Doe Crossing Court,10/24/2023
535,Indonesia,,Sambiyan,5478 Westridge Point,1/9/2023
536,Germany,Niedersachsen,Braunschweig,10 International Pass,12/13/2022
537,Poland,,Ścinawa,22 Pond Avenue,11/15/2022
538,Portugal,Braga,Casa Nova,3315 Pearson Trail,9/24/2023
539,Indonesia,,Cisalak,209 Vermont Terrace,10/21/2023
540,Yemen,,Ta‘izz,21 Arkansas Plaza,1/6/2023
541,Poland,,Paprotnia,2800 Fair Oaks Street,12/16/2022
542,Syria,,Sinjār,8 Bellgrove Park,5/6/2023
543,Oman,,Bayt al ‘Awābī,9437 Straubel Plaza,11/21/2022
544,China,,Shaba Zhen,148 1st Parkway,5/20/2023
545,China,,Shataping,375 Tony Alley,2/15/2023
546,Philippines,,Granada,73695 Hoffman Terrace,3/15/2023
547,Russia,,Kazanskoye,5 Burrows Crossing,8/3/2023
548,Greece,,Pámfylla,477 Stephen Hill,6/23/2023
549,Peru,,Molinos,2 Twin Pines Avenue,4/20/2023
550,China,,Aizi,0394 Darwin Terrace,9/22/2023
551,Indonesia,,Karangbenda,573 Mallard Terrace,1/24/2023
552,Philippines,,La Paz,7191 Stone Corner Terrace,12/30/2022
553,Estonia,,Kuressaare,0 Heffernan Lane,1/13/2023
554,Peru,,Santa Rosa,9 5th Plaza,11/26/2022
555,China,,Baidian,49 Leroy Center,8/17/2023
556,Ethiopia,,Goba,4197 John Wall Hill,12/2/2022
557,Indonesia,,Suwaru,28 Ronald Regan Place,12/13/2022
558,Colombia,,San Andrés,361 Bowman Junction,9/20/2023
559,Uruguay,,Salto,9766 Del Sol Road,11/5/2023
560,Afghanistan,,Sar Chakān,523 Sauthoff Drive,11/29/2022
561,United States,Texas,Austin,94424 South Alley,6/12/2023
562,China,,Tielong,372 Melody Way,11/29/2022
563,China,,Guling,8392 Jenifer Lane,6/9/2023
564,China,,Leicheng,0917 Talisman Place,2/23/2023
565,Malaysia,Negeri Sembilan,Seremban,78 Warner Way,11/26/2022
566,Honduras,,La Guacamaya,844 Kennedy Circle,5/17/2023
567,France,Nord-Pas-de-Calais,Roubaix,1 Hoffman Place,6/12/2023
568,France,Rhône-Alpes,Voiron,9 Waubesa Court,8/15/2023
569,Cuba,,Guisa,91568 Acker Center,4/26/2023
570,China,,Zhujiang,298 Del Mar Drive,5/17/2023
571,Philippines,,Bigaa,75492 Milwaukee Court,1/19/2023
572,Portugal,Leiria,Casal do Relvas,40 Schlimgen Plaza,8/28/2023
573,Indonesia,,Pangkalanbunut,63433 Rieder Pass,6/2/2023
574,Sweden,Jönköping,Vetlanda,69680 Melvin Terrace,9/11/2023
575,Nicaragua,,Wiwilí,00270 Corben Pass,6/13/2023
576,Portugal,Ilha de São Miguel,Água Retorta,3 International Park,12/16/2022
577,Russia,,Kalinovo,6 Carpenter Hill,5/26/2023
578,Russia,,Mtsensk,2 School Center,7/11/2023
579,Russia,,Semënovskoye,93 Longview Plaza,4/5/2023
580,Venezuela,,Ocumare de la Costa,1962 Bultman Street,7/4/2023
581,Honduras,,Las Trojes,2743 Lien Center,8/1/2023
582,Brazil,,Guanhães,8103 Raven Way,11/26/2022
583,Philippines,,San Teodoro,6068 Straubel Avenue,6/26/2023
584,Chile,,Lampa,45776 Longview Street,12/10/2022
585,Tanzania,,Kandete,88 Union Trail,7/19/2023
586,United Kingdom,England,London,7 Eastlawn Parkway,10/10/2023
587,China,,Tahe,43941 Lunder Circle,10/16/2023
588,Canada,Québec,Sutton,939 Di Loreto Road,10/21/2023
589,Philippines,,Haligue,780 Aberg Road,11/16/2022
590,Philippines,,Utabi,3 Hanson Point,2/2/2023
591,Hungary,Borsod-Abaúj-Zemplén,Miskolc,232 Kings Road,2/1/2023
592,Peru,,Pucacaca,73 Hollow Ridge Crossing,7/12/2023
593,Peru,,Chinchero,7 Fair Oaks Pass,1/7/2023
594,China,,Anwen,2213 Vernon Center,2/5/2023
595,Chile,,Chonchi,8277 Lukken Drive,4/10/2023
596,Thailand,,Mancha Khiri,69 Main Lane,4/8/2023
597,Philippines,,El Nido,78217 Summer Ridge Avenue,6/21/2023
598,Canada,Ontario,Camlachie,8 Monica Park,12/30/2022
599,Kazakhstan,,Moyynkum,57559 Fordem Junction,1/7/2023
600,Tanzania,,Igurusi,7897 Carey Avenue,9/13/2023
601,Portugal,Braga,Pedome,74 Badeau Junction,11/13/2023
602,China,,Lieyu,62157 Cardinal Terrace,12/6/2022
603,Ethiopia,,Turmi,7282 Hoard Avenue,8/15/2023
604,Indonesia,,Mislak,7 Gerald Avenue,11/2/2023
605,Italy,Lombardia,Milano,38820 Warbler Terrace,1/15/2023
606,China,,Gushan,93 American Point,3/3/2023
607,Greece,,Kalpáki,1130 Trailsway Pass,6/10/2023
608,China,,Mushu,163 Troy Trail,9/3/2023
609,China,,Heilangkou,21 Clyde Gallagher Street,5/24/2023
610,Israel,,Mitzpe Ramon,212 Anniversary Court,9/10/2023
611,Zimbabwe,,Chegutu,9571 Golf Course Terrace,11/20/2022
612,France,Île-de-France,Orsay,1071 Aberg Street,11/9/2023
613,China,,Tulihe,94 Gateway Alley,2/15/2023
614,Nigeria,,Lalupon,2 Fallview Way,12/28/2022
615,Indonesia,,Cibodas,79451 Chive Terrace,5/10/2023
616,Philippines,,Liliongan,7412 Forest Run Road,9/9/2023
617,Russia,,Kubachi,8216 Logan Point,2/15/2023
618,Philippines,,Mapulo,159 Ludington Place,1/16/2023
619,Canada,Nova Scotia,Wolfville,22079 Manufacturers Street,8/4/2023
620,Indonesia,,Doibang,8 Shelley Junction,11/5/2023
621,Indonesia,,Ntoke,15 Crowley Hill,12/20/2022
622,Poland,,Czerniejewo,762 Stone Corner Lane,6/29/2023
623,France,Île-de-France,Gif-sur-Yvette,88 Maryland Junction,5/22/2023
624,Macedonia,,Bosilovo,65 Atwood Drive,3/18/2023
625,Brazil,,Beberibe,6083 Larry Plaza,11/9/2023
626,France,Franche-Comté,Sochaux,02 Di Loreto Junction,6/16/2023
627,China,,Wangba,51325 Cascade Center,9/4/2023
628,Iran,,Māmūnīyeh,87 Garrison Place,6/20/2023
629,Russia,,Vostochnoe Degunino,220 Nancy Court,3/10/2023
630,China,,Qiaozi,884 Hansons Road,10/4/2023
631,China,,Jingdezhen,665 Luster Alley,2/13/2023
632,Mexico,Guerrero,Las Animas,51341 David Drive,9/12/2023
633,Indonesia,,Masebewa,61005 Ronald Regan Pass,3/28/2023
634,China,,Caidian,863 Laurel Parkway,5/31/2023
635,China,,Wutan,4723 Swallow Court,11/4/2023
636,Croatia,,Labin,7430 Mccormick Pass,3/26/2023
637,China,,Zhouhu,283 Barnett Avenue,11/6/2023
638,Greece,,Khiliomódhi,8 Corscot Way,5/2/2023
639,Kazakhstan,,Kostanay,40111 Roth Lane,12/19/2022
640,China,,Nancheng,41 Continental Court,1/3/2023
641,Ukraine,,Krasnokuts’k,752 Fulton Drive,5/6/2023
642,Brazil,,Florianópolis,74646 Northfield Hill,11/28/2022
643,Brazil,,Uberlândia,479 Norway Maple Point,11/26/2022
644,Japan,,Abashiri,2 Crowley Way,1/21/2023
645,Indonesia,,Pasararba,214 Upham Park,10/13/2023
646,Indonesia,,Kalisabuk,5556 Loftsgordon Park,11/24/2022
647,China,,Kulun,43 Spenser Pass,4/19/2023
648,Sweden,Västra Götaland,Moholm,9 Fieldstone Crossing,1/25/2023
649,Brazil,,Juripiranga,0581 Rigney Hill,9/17/2023
650,Russia,,Buzuluk,35196 Sherman Junction,9/21/2023
651,Philippines,,Bagahanlad,2626 Bonner Alley,3/22/2023
652,China,,Gangnan,78 Pierstorff Center,12/19/2022
653,Cuba,,Sagua de Tánamo,16748 Coolidge Trail,8/8/2023
654,Poland,,Wiskitki,90794 South Parkway,7/30/2023
655,Ukraine,,Horodok,12942 Emmet Lane,6/23/2023
656,China,,Xiamazhuang,65 Darwin Terrace,5/30/2023
657,China,,Xucheng,12 Melrose Circle,11/29/2022
658,Czech Republic,,Žandov,815 Maywood Trail,8/18/2023
659,China,,Xijiao,49 Anhalt Road,5/9/2023
660,Russia,,Zmiyëvka,868 Loftsgordon Parkway,6/1/2023
661,Bosnia and Herzegovina,,Čajniče,8 Mitchell Alley,3/30/2023
662,Chad,,Bol,76 Lotheville Hill,1/16/2023
663,China,,Minshan,7 Laurel Place,7/13/2023
664,Russia,,Tula,7606 Kipling Trail,6/4/2023
665,Honduras,,Corquín,58858 Oxford Parkway,3/15/2023
666,Afghanistan,,Zargarān,81 Bellgrove Plaza,4/26/2023
667,Indonesia,,Pedaringan,970 Orin Park,3/25/2023
668,China,,Qidu,0941 Pankratz Circle,3/19/2023
669,Brazil,,Araxá,2 Calypso Circle,8/6/2023
670,Poland,,Białobrzegi,81316 Burning Wood Park,10/2/2023
671,Latvia,,Nereta,68802 Bluestem Circle,4/25/2023
672,Indonesia,,Watulabara,4 David Avenue,8/5/2023
673,Indonesia,,Ciomas,908 Melrose Junction,3/18/2023
674,Mali,,Nioro,4622 Buell Way,9/27/2023
675,France,Île-de-France,Nanterre,5645 Parkside Road,4/21/2023
676,Brazil,,Una,8838 Elka Circle,10/8/2023
677,Indonesia,,Tobelo,39569 Larry Center,3/24/2023
678,Yemen,,Mabyan,6 Porter Parkway,1/4/2023
679,Argentina,,El Arañado,799 Rockefeller Circle,9/30/2023
680,United States,Minnesota,Saint Paul,9 School Place,6/23/2023
681,United States,Maryland,Baltimore,6 Mccormick Trail,1/5/2023
682,Colombia,,Palmira,879 Sachtjen Street,5/7/2023
683,China,,Sanxi,898 Dennis Junction,7/24/2023
684,Philippines,,Kilim,96668 Doe Crossing Hill,7/14/2023
685,Portugal,Porto,Carvalho,18 Charing Cross Junction,4/13/2023
686,Ethiopia,,Gambēla,6 Toban Crossing,11/9/2023
687,Indonesia,,Adirejo,5 Fisk Center,9/29/2023
688,Russia,,Popova,74509 Harper Terrace,6/5/2023
689,Poland,,Mokotów,57763 Elka Terrace,4/24/2023
690,China,,Danglang Hudong,1 Kings Pass,9/27/2023
691,Indonesia,,Nusajaya,03 Anthes Circle,7/22/2023
692,Indonesia,,Krajan Craken,6468 Oakridge Lane,9/12/2023
693,Japan,,Yukuhashi,2 Dwight Park,6/9/2023
694,Indonesia,,Krajan Gading,0897 Norway Maple Terrace,10/12/2023
695,China,,Dongkan,569 Mayer Crossing,11/4/2023
696,Indonesia,,Rejanegara,4230 Manley Terrace,10/19/2023
697,Ukraine,,Horodyshche,62221 Oakridge Way,9/22/2023
698,Indonesia,,Watodei,66 Quincy Road,3/15/2023
699,Bulgaria,,Razgrad,606 Becker Road,6/5/2023
700,Moldova,,Biruinţa,64 Mesta Drive,2/23/2023
701,Indonesia,,Mataloko,643 4th Trail,3/5/2023
702,Philippines,,Semirara,99 Schmedeman Street,4/4/2023
703,Ukraine,,L'viv,12 Rockefeller Park,4/25/2023
704,Colombia,,Corinto,13133 Lakeland Point,8/28/2023
705,Morocco,,Akhfennir,9589 Merchant Drive,11/17/2022
706,Ukraine,,Verkhnyachka,85 Carey Hill,8/30/2023
707,Indonesia,,Gayamsari,828 Southridge Way,1/27/2023
708,France,Île-de-France,Montreuil,662 Roxbury Crossing,7/19/2023
709,Nepal,,Dipayal,25 Grasskamp Circle,7/16/2023
710,China,,Sanqu,6 Dakota Plaza,6/7/2023
711,Angola,,N’dalatando,9394 Fairfield Lane,8/3/2023
712,France,Île-de-France,Houilles,76 Warner Crossing,4/12/2023
713,Indonesia,,Kendari,8831 Fairview Road,1/12/2023
714,China,,Lidong,27258 Kedzie Alley,10/22/2023
715,Indonesia,,Sipoholon,09557 Farragut Parkway,6/8/2023
716,Poland,,Rudziczka,1 Utah Way,4/6/2023
717,Indonesia,,Banjarejo,2168 Duke Pass,6/18/2023
718,Greece,,Melissochóri,8481 Havey Trail,3/7/2023
719,China,,Shuangzhu,71819 Swallow Junction,7/7/2023
720,Morocco,,Mosquée,499 Rowland Terrace,3/17/2023
721,China,,Shanyang,51527 Rieder Terrace,4/6/2023
722,France,Lorraine,Nancy,317 Carberry Parkway,6/8/2023
723,Norway,Sor-Trondelag,Trondheim,28081 Victoria Drive,10/6/2023
724,Brazil,,Novo Hamburgo,8 Mccormick Pass,12/24/2022
725,Azerbaijan,,Hacı Zeynalabdin,82 Basil Lane,5/16/2023
726,Greece,,Kardamás,37 Magdeline Lane,6/20/2023
727,Russia,,Lotoshino,432 Anderson Circle,6/30/2023
728,Philippines,,San Sebastian,43 Lillian Center,7/25/2023
729,Bolivia,,Oruro,6465 Harbort Alley,3/4/2023
730,China,,Wangfu,09192 Badeau Street,11/23/2022
731,Colombia,,Caldas,77057 Charing Cross Hill,8/7/2023
732,Norway,Oslo,Oslo,25779 Oxford Parkway,2/2/2023
733,Philippines,,Dimataling,51037 Oak Hill,10/8/2023
734,Indonesia,,Cipinang,844 Roxbury Lane,6/8/2023
735,China,,Henan’an,33728 Sullivan Terrace,9/10/2023
736,Argentina,,Monteros,85470 Mandrake Plaza,6/5/2023
737,France,Bourgogne,Mâcon,2 Graceland Drive,6/2/2023
738,Finland,,Kiuruvesi,446 Lawn Lane,12/17/2022
739,China,,Lian,6 Anzinger Park,4/14/2023
740,China,,Zhouling,322 Oakridge Street,11/29/2022
741,Portugal,Faro,Luz de Tavira,12063 Bultman Pass,10/9/2023
742,China,,Maoping,1887 Karstens Terrace,5/4/2023
743,France,Île-de-France,Saint-Maur-des-Fossés,1581 Jackson Road,8/13/2023
744,China,,Henglan,5733 Anzinger Way,3/31/2023
745,Yemen,,Sāh,0016 Corben Crossing,6/26/2023
746,Uruguay,,Aguas Corrientes,31 Prairie Rose Parkway,11/26/2022
747,Greece,,Magoúla,3 Oakridge Way,6/22/2023
748,Bosnia and Herzegovina,,Gnojnica,7440 Park Meadow Park,11/7/2023
749,Canada,Ontario,Orillia,62 Declaration Lane,12/8/2022
750,South Korea,,Ungsang,45 Mallory Parkway,2/24/2023
751,France,Nord-Pas-de-Calais,Lille,70 Upham Terrace,7/12/2023
752,Uganda,,Mayuge,64058 Graceland Court,6/23/2023
753,Poland,,Słupno,6 Kenwood Court,12/27/2022
754,Indonesia,,Beoga,7204 6th Drive,5/1/2023
755,Japan,,Hitachi,71053 Little Fleur Lane,3/1/2023
756,Bangladesh,,Sandwīp,36 Prentice Pass,8/30/2023
757,Gambia,,Abuko,268 Ludington Parkway,8/9/2023
758,Indonesia,,Sumurasin,0763 Marcy Plaza,7/18/2023
759,Sweden,Stockholm,Stockholm,195 Southridge Junction,6/19/2023
760,Brazil,,Baturité,88234 Kenwood Trail,5/14/2023
761,Thailand,,Mueang Nonthaburi,250 Miller Plaza,5/11/2023
762,Russia,,Chuguyevka,61060 Luster Way,10/14/2023
763,Thailand,,Roi Et,22230 Village Green Circle,10/28/2023
764,Greece,,Marína,68914 Havey Road,3/12/2023
765,Indonesia,,Padangtikar,21179 Hollow Ridge Trail,4/16/2023
766,Sweden,Stockholm,Nynäshamn,296 Daystar Lane,11/11/2023
767,Philippines,,Agoncillo,493 Aberg Place,7/17/2023
768,Indonesia,,Rancaerang,990 John Wall Street,4/1/2023
769,Russia,,Sernovodsk,95 Norway Maple Parkway,11/10/2023
770,Central African Republic,,Bimbo,19310 Saint Paul Avenue,5/7/2023
771,China,,Changkeng,9678 Lakeland Court,11/8/2023
772,Switzerland,Canton de Genève,Genève,90093 Stone Corner Crossing,12/25/2022
773,Portugal,Porto,Paços de Ferreira,97884 Del Mar Court,9/1/2023
774,China,,Shaowu,23 Stang Crossing,10/21/2023
775,Pakistan,,Athmuqam,609 Burning Wood Avenue,3/14/2023
776,Poland,,Wolin,502 Clemons Way,10/13/2023
777,Syria,,‘Afrīn,198 Corben Park,8/25/2023
778,Brazil,,Nortelândia,620 Almo Park,1/30/2023
779,Luxembourg,,Lamadelaine,5 Spaight Drive,9/18/2023
780,Philippines,,Sapang Buho,6631 Express Trail,12/30/2022
781,Russia,,Groznyy,56 Melody Point,6/3/2023
782,Greece,,Koufália,969 Browning Trail,3/5/2023
783,Portugal,Portalegre,Galveias,1 Schurz Plaza,4/9/2023
784,Colombia,,Ayapel,21575 Mosinee Trail,8/27/2023
785,Mauritania,,Zouérat,46289 Johnson Circle,9/24/2023
786,China,,Songhe,24031 Pierstorff Hill,5/3/2023
787,China,,Jiubao,803 Schiller Circle,8/1/2023
788,China,,Quma,8 Birchwood Alley,6/9/2023
789,Sweden,Skåne,Hässleholm,0 Golden Leaf Plaza,2/12/2023
790,Ireland,,Gort,01 Arrowood Point,4/15/2023
791,Ireland,,Kiltamagh,0452 Portage Court,8/20/2023
792,Indonesia,,Prapen,25 Southridge Circle,12/8/2022
793,France,Rhône-Alpes,Bourg-en-Bresse,2511 Hanover Road,1/10/2023
794,Armenia,,Aghavnatun,17 Eagle Crest Parkway,4/4/2023
795,Sweden,Skåne,Lomma,3 Caliangt Way,4/8/2023
796,Burkina Faso,,Yako,5208 Vernon Court,1/30/2023
797,Bolivia,,Coroico,41173 Old Gate Trail,11/2/2023
798,Philippines,,Gines-Patay,1 Truax Plaza,2/18/2023
799,France,Île-de-France,Roissy Charles-de-Gaulle,57227 Hermina Pass,9/12/2023
800,Nicaragua,,La Libertad,9297 Crowley Crossing,11/30/2022
801,Angola,,Catumbela,3 Merry Trail,7/31/2023
802,Canada,British Columbia,Houston,61 Westport Pass,9/1/2023
803,Sweden,Västra Götaland,Göteborg,7844 Starling Avenue,10/5/2023
804,Portugal,Leiria,Amieirinha,7 Walton Avenue,6/9/2023
805,Philippines,,Pajo,7029 Oneill Pass,3/14/2023
806,United States,Oklahoma,Oklahoma City,21522 Harper Avenue,5/11/2023
807,Indonesia,,Lembang,3 Lillian Crossing,8/14/2023
808,Democratic Republic of the Congo,,Likasi,52411 Twin Pines Road,11/23/2022
809,Indonesia,,Cisasak,840 Bultman Hill,7/4/2023
810,Micronesia,,Ruo,19438 Bluestem Terrace,4/2/2023
811,Angola,,Caála,302 Shasta Crossing,12/13/2022
812,Brazil,,Ariquemes,30 Westridge Hill,10/24/2023
813,Vietnam,,Cam Lộ,71 Pepper Wood Lane,7/1/2023
814,Haiti,,Port-de-Paix,7647 Hanover Court,12/14/2022
815,Sri Lanka,,Valvedditturai,8588 Little Fleur Parkway,12/2/2022
816,Philippines,,Talakag,25 Derek Junction,2/14/2023
817,Afghanistan,,Qal‘ah-ye Shāhī,0 Shelley Park,7/24/2023
818,Sweden,Stockholm,Stockholm,89 Fordem Court,11/20/2022
819,Haiti,,Grande Rivière du Nord,653 Nova Place,9/10/2023
820,China,,Yichun,5 Village Green Crossing,12/29/2022
821,China,,Dahe,44478 Ridge Oak Pass,2/25/2023
822,Poland,,Sawin,73 Cottonwood Street,3/18/2023
823,Poland,,Jabłonica Polska,42 Lighthouse Bay Plaza,11/20/2022
824,Poland,,Bielice,27 Mesta Pass,2/12/2023
825,Mauritius,,Saint Pierre,60 Forest Dale Way,8/26/2023
826,China,,Xindi,9 Maple Crossing,9/25/2023
827,Japan,,Aisai,862 Sloan Plaza,4/14/2023
828,Philippines,,Anopog,64089 Lukken Plaza,5/29/2023
829,Indonesia,,Sindangrasa,68 Eagan Hill,8/18/2023
830,China,,Sanjiang,1 Barby Crossing,12/19/2022
831,Colombia,,Junín,15 Buena Vista Drive,1/12/2023
832,Philippines,,Libon,80243 Corben Hill,9/29/2023
833,Portugal,Faro,Lagoa,307 Sheridan Park,2/23/2023
834,Indonesia,,Banjar Beratan,80342 Lakeland Way,11/12/2023
835,Tunisia,,Gafsa,6818 Pearson Alley,10/7/2023
836,Colombia,,Cunday,7531 Shoshone Avenue,6/12/2023
837,Indonesia,,Sangkulirang,6416 Crownhardt Point,1/7/2023
838,Ireland,,Kingscourt,60 Glendale Park,2/27/2023
839,Sweden,Dalarna,Falun,45011 Sheridan Road,11/20/2022
840,China,,Chengfeng,8403 Westerfield Lane,3/28/2023
841,Poland,,Głubczyce,45 Fisk Pass,6/23/2023
842,Ukraine,,Kolomyya,721 Southridge Road,10/24/2023
843,Botswana,,Serowe,74 2nd Court,9/25/2023
844,Poland,,Złotoryja,39 Buhler Drive,6/15/2023
845,Belarus,,Khoyniki,4497 Spenser Parkway,3/5/2023
846,Indonesia,,Oefatu,20 Golf Center,12/31/2022
847,Indonesia,,Banjar Pekandelan,182 Westridge Junction,3/23/2023
848,China,,Xubao,35 Gerald Alley,3/12/2023
849,Greece,,Kilkís,011 Hazelcrest Junction,7/28/2023
850,France,Île-de-France,Paris 10,56 Havey Drive,1/1/2023
851,Indonesia,,Wanareja,3368 Service Street,11/8/2023
852,Indonesia,,Bungbulang,551 Warbler Lane,1/3/2023
853,Peru,,Huacrachuco,38081 Mccormick Court,10/29/2023
854,China,,Luohe,9977 Barby Point,6/24/2023
855,China,,Wulan,0463 Hallows Hill,6/15/2023
856,Mongolia,,Nogoonnuur,6 1st Street,5/6/2023
857,Pakistan,,Būrewāla,2242 New Castle Place,2/24/2023
858,China,,Longquan,6 Buhler Plaza,1/19/2023
859,Japan,,Musashino,7750 Towne Way,1/28/2023
860,France,Aquitaine,Périgueux,7 Hooker Parkway,6/6/2023
861,Russia,,Ivanishchi,8107 Brickson Park Park,4/18/2023
862,Indonesia,,Leuwibuleud,83054 Nevada Court,7/29/2023
863,Colombia,,Chachagüí,11088 Melody Avenue,1/22/2023
864,Mongolia,,Buga,92 Roth Drive,7/24/2023
865,China,,Ganpu,2926 Coolidge Hill,6/19/2023
866,China,,Zhongmen,4956 Caliangt Place,12/9/2022
867,China,,Meijiang,53841 Knutson Road,12/5/2022
868,Sweden,Halland,Onsala,500 Clemons Circle,5/29/2023
869,Sweden,Västmanland,Norberg,862 Clyde Gallagher Junction,5/10/2023
870,Iran,,Bābol,4 Warner Court,8/22/2023
871,China,,Jingzi,16 Loeprich Court,9/25/2023
872,Yemen,,Ḩammām Damt,40 Kipling Avenue,7/12/2023
873,China,,Jiannan,3769 Hudson Junction,10/7/2023
874,China,,Huangsha,4 Thompson Way,10/16/2023
875,Ecuador,,Santo Domingo de los Colorados,51 Springs Avenue,2/18/2023
876,Sierra Leone,,Gandorhun,2451 Reinke Pass,8/24/2023
877,Indonesia,,Banjarkemuning,997 Pine View Way,9/15/2023
878,Turkmenistan,,Boldumsaz,8 Gerald Junction,1/3/2023
879,Canada,British Columbia,Ashcroft,73 Basil Parkway,7/27/2023
880,France,Aquitaine,Bordeaux,8 Mallory Point,3/26/2023
881,Indonesia,,Dukuhsia,95044 Surrey Drive,3/12/2023
882,Bosnia and Herzegovina,,Karadaglije,37 Golf Trail,2/15/2023
883,Poland,,Malanów,26178 Mcguire Crossing,2/22/2023
884,Indonesia,,Pagak Kulon,3337 Scofield Hill,1/6/2023
885,United States,Georgia,Augusta,452 Ridgeview Center,8/5/2023
886,Philippines,,Glan,58992 Shelley Lane,10/19/2023
887,China,,Zuocun,3 Union Circle,10/6/2023
888,Bangladesh,,Badarganj,634 Hanson Parkway,6/18/2023
889,Thailand,,Phra Nakhon Si Ayutthaya,388 Gerald Drive,6/6/2023
890,China,,Xingshou,5226 Katie Lane,12/4/2022
891,Comoros,,Ziroudani,1229 Lakewood Plaza,1/14/2023
892,El Salvador,,El Congo,1502 Loeprich Terrace,6/7/2023
893,Portugal,Beja,Odivelas,52 Shoshone Center,6/24/2023
894,Morocco,,Sidi Yahya Ou Saad,5415 Redwing Parkway,11/22/2022
895,Syria,,Tall Rif‘at,820 Forest Trail,7/30/2023
896,Luxembourg,,Diekirch,06349 Warner Terrace,4/1/2023
897,Portugal,Braga,Mouquim,438 Artisan Alley,4/9/2023
898,Armenia,,Armash,8 Goodland Park,6/16/2023
899,Indonesia,,Sumpur Kudus,2 Jenna Place,5/30/2023
900,Lithuania,,Priekulė,29230 Arrowood Trail,7/16/2023
901,Russia,,Georgiyevskaya,070 Sunbrook Alley,3/24/2023
902,Russia,,Kantyshevo,4376 Forster Place,4/8/2023
903,Morocco,,Chefchaouene,06 Debra Junction,2/19/2023
904,Indonesia,,Kowingir,783 Pankratz Road,1/15/2023
905,Finland,,Kangasala,49260 Washington Court,2/16/2023
906,Egypt,,Disūq,3795 Walton Drive,10/24/2023
907,Switzerland,Kanton Zürich,Zürich,4618 Londonderry Point,1/16/2023
908,Peru,,Quilmaná,404 Saint Paul Crossing,4/9/2023
909,Yemen,,Ar Rawḑ,6474 New Castle Drive,8/12/2023
910,Tanzania,,Itigi,2 Springview Lane,4/25/2023
911,Indonesia,,Bangrat,23 Laurel Point,6/24/2023
912,China,,Tiannan,1559 Monterey Junction,5/22/2023
913,Colombia,,Providencia,12325 Dayton Road,2/11/2023
914,China,,Pingtan,08673 International Alley,12/6/2022
915,Venezuela,,Umuquena,18 Fuller Hill,12/7/2022
916,China,,Bandong,4 Arkansas Court,4/14/2023
917,Somalia,,Qandala,966 Warrior Lane,3/16/2023
918,Sweden,Uppsala,Uppsala,64245 Kropf Park,11/7/2023
919,Austria,Niederösterreich,St. Anton an der Jeßnitz,413 8th Road,1/25/2023
920,China,,Zhouhe,3124 Dayton Drive,11/8/2023
921,Portugal,Ilha da Madeira,Machico,6 Vahlen Plaza,9/25/2023
922,China,,Hukou,470 Butterfield Street,8/22/2023
923,Portugal,Porto,Eiriz,7 Prairieview Park,2/18/2023
924,Colombia,,San Benito Abad,7 Dottie Alley,8/8/2023
925,Indonesia,,Senadan,8091 School Place,10/31/2023
926,Japan,,Suzaka,745 Golf View Trail,10/4/2023
927,Honduras,,Santa Lucía,24 Northridge Lane,5/15/2023
928,Palestinian Territory,,Sīlat al Ḩārithīyah,32 Village Park,12/17/2022
929,Portugal,Porto,Besteiros,10398 Sullivan Alley,8/25/2023
930,Benin,,Malanville,11048 Mendota Plaza,10/8/2023
931,Argentina,,Ibarreta,9 Toban Pass,4/21/2023
932,China,,Miaoling,37531 Weeping Birch Drive,8/7/2023
933,Philippines,,Irasan,6 Homewood Lane,8/24/2023
934,Colombia,,Regidor,321 Harper Pass,3/29/2023
935,China,,Nuoxizhi,81 Green Street,9/10/2023
936,China,,Kanghe,526 Chinook Circle,8/18/2023
937,China,,Guixi,82 Lakewood Avenue,9/9/2023
938,Indonesia,,Jambu,96627 Bluejay Parkway,12/10/2022
939,Nepal,,Kirtipur,337 Daystar Lane,12/19/2022
940,Indonesia,,Natakoli,1247 Linden Place,10/2/2023
941,Russia,,Slavgorod,890 Northfield Circle,9/22/2023
942,Finland,,Siikajoki,58157 Jenna Street,8/30/2023
943,Russia,,Luchegorsk,86206 Warrior Place,5/31/2023
944,Brazil,,Guaraciaba do Norte,1 Arkansas Place,12/5/2022
945,China,,Qixing,64125 Dorton Center,2/24/2023
946,Palestinian Territory,,Al Majd,6930 Knutson Crossing,3/12/2023
947,Indonesia,,Wedangtemu,20 Novick Lane,11/15/2022
948,Egypt,,Juhaynah,82597 Blackbird Parkway,7/14/2023
949,Bolivia,,Oruro,307 Everett Lane,8/9/2023
950,Slovenia,,Dragomer,01295 Sunbrook Way,12/20/2022
951,China,,Jiulong,1502 Schurz Terrace,4/24/2023
952,China,,Lubei,921 Raven Circle,10/17/2023
953,France,Alsace,Obernai,306 Butternut Parkway,10/13/2023
954,Indonesia,,Ngembel,056 Jackson Place,9/3/2023
955,Madagascar,,Arivonimamo,10 Dapin Court,4/19/2023
956,China,,Shijie,3604 Forest Run Terrace,9/13/2023
957,China,,Tianchi,80 Clarendon Avenue,6/29/2023
958,Russia,,Yablochnyy,676 Emmet Junction,3/4/2023
959,Micronesia,,Houk,6 Barnett Street,6/4/2023
960,China,,Jinshan,3 Badeau Park,7/17/2023
961,Indonesia,,Amuntai,55480 Spenser Plaza,11/30/2022
962,Brazil,,Curitiba,00 Parkside Street,3/12/2023
963,Russia,,Rognedino,6478 Moose Hill,5/30/2023
964,Portugal,Porto,Roriz,5 Ilene Court,7/30/2023
965,Indonesia,,Sindangkerta,168 Ludington Crossing,12/8/2022
966,China,,Xinghe Chengguanzhen,80977 Delaware Road,3/22/2023
967,French Polynesia,,Punaauia,50 Jenna Hill,3/1/2023
968,China,,Yugang,2118 Johnson Court,5/26/2023
969,Colombia,,Riosucio,026 Garrison Trail,10/30/2023
970,Lesotho,,Butha-Buthe,8 Heffernan Trail,1/17/2023
971,Russia,,Maykor,04734 Duke Center,2/10/2023
972,Indonesia,,Karanganyar,114 Forest Dale Hill,5/20/2023
973,Indonesia,,Ketanen,2971 Johnson Hill,8/7/2023
974,Thailand,,Mae Charim,425 Troy Trail,9/6/2023
975,Finland,,Hankasalmi,945 Steensland Pass,6/3/2023
976,Colombia,,Turbaco,07 Ohio Circle,9/13/2023
977,Philippines,,Sanghan,4 Lawn Road,9/29/2023
978,Indonesia,,Imaan,7503 Truax Circle,9/2/2023
979,Albania,,Skënderbegas,78 Fremont Parkway,7/29/2023
980,Albania,,Çlirim,9 Blue Bill Park Plaza,12/3/2022
981,Mongolia,,Altanbulag,613 Little Fleur Parkway,10/21/2023
982,Ukraine,,Uralo-Kavkaz,91 Mcbride Way,8/29/2023
983,Sweden,Stockholm,Stockholm,5 Leroy Drive,10/3/2023
984,Portugal,Viseu,Nagoselo do Douro,70884 Ridgeview Center,11/26/2022
985,Philippines,,Arteche,3101 Cordelia Circle,5/31/2023
986,Russia,,Bykov,4 Del Mar Trail,8/15/2023
987,Indonesia,,Armopa,672 Reinke Pass,6/23/2023
988,Malaysia,Sabah,Kota Kinabalu,5732 Commercial Road,5/17/2023
989,China,,Lidong,84 Pond Park,1/9/2023
990,Colombia,,Chitagá,95460 Jackson Avenue,7/29/2023
991,Indonesia,,Rangah,2 Maryland Hill,4/26/2023
992,Madagascar,,Ampahana,58784 Heffernan Drive,8/31/2023
993,China,,Daitou,578 Homewood Parkway,6/18/2023
994,Indonesia,,Krojo,7 Trailsway Court,6/12/2023
995,Czech Republic,,Častolovice,994 Laurel Road,6/15/2023
996,Mauritius,,Calebasses,7159 Maple Wood Center,10/10/2023
997,Thailand,,Yaring,4479 Buell Alley,8/19/2023
998,Papua New Guinea,,Aitape,28483 Dayton Point,6/25/2023
999,China,,Pingshan,67 Annamark Road,3/28/2023
1000,China,,Guandu,90 Homewood Alley,10/18/2023
